sender,receiver
actor38,actor56
actor38,actor10
actor38,actor31
actor38,actor72
actor38,actor73
actor38,actor26
actor42,actor42
actor42,actor56
actor42,actor16
actor42,actor19
actor42,actor10
actor42,actor57
actor42,actor68
actor42,actor65
actor42,actor66
actor42,actor63
actor42,actor24
actor42,actor28
actor42,actor72
actor42,actor74
actor42,actor49
actor42,actor14
actor56,actor56
actor56,actor16
actor56,actor19
actor56,actor10
actor56,actor57
actor56,actor66
actor56,actor2
actor56,actor24
actor56,actor48
actor56,actor17
actor56,actor28
actor56,actor31
actor56,actor72
actor56,actor73
actor56,actor74
actor56,actor60
actor56,actor3
actor56,actor27
actor56,actor58
actor56,actor14
actor16,actor56
actor16,actor16
actor16,actor10
actor16,actor57
actor16,actor66
actor16,actor48
actor16,actor72
actor16,actor73
actor16,actor58
actor19,actor18
actor19,actor9
actor19,actor77
actor19,actor30
actor19,actor14
actor10,actor56
actor10,actor10
actor10,actor17
actor57,actor56
actor57,actor16
actor57,actor10
actor57,actor2
actor57,actor24
actor57,actor33
actor57,actor72
actor57,actor73
actor52,actor10
actor52,actor52
actor52,actor46
actor52,actor25
actor52,actor14
actor51,actor56
actor51,actor16
actor51,actor10
actor51,actor57
actor51,actor2
actor51,actor24
actor51,actor4
actor51,actor5
actor51,actor44
actor51,actor72
actor51,actor73
actor51,actor74
actor8,actor10
actor8,actor67
actor8,actor73
actor35,actor58
actor34,actor78
actor34,actor10
actor34,actor2
actor34,actor72
actor34,actor73
actor34,actor77
actor55,actor78
actor55,actor52
actor55,actor25
actor55,actor58
actor55,actor14
actor2,actor16
actor2,actor73
actor11,actor61
actor11,actor14
actor24,actor56
actor24,actor16
actor24,actor10
actor24,actor52
actor24,actor68
actor24,actor2
actor24,actor33
actor24,actor72
actor24,actor73
actor24,actor74
actor48,actor16
actor48,actor10
actor48,actor48
actor48,actor20
actor48,actor28
actor48,actor31
actor48,actor12
actor48,actor72
actor17,actor16
actor17,actor10
actor17,actor48
actor17,actor17
actor17,actor70
actor17,actor73
actor17,actor27
actor20,actor16
actor20,actor69
actor20,actor20
actor20,actor33
actor20,actor31
actor20,actor73
actor28,actor56
actor28,actor16
actor28,actor10
actor28,actor68
actor28,actor67
actor28,actor66
actor28,actor63
actor28,actor31
actor28,actor12
actor28,actor73
actor33,actor16
actor33,actor73
actor54,actor40
actor54,actor23
actor54,actor6
actor54,actor45
actor54,actor7
actor54,actor60
actor54,actor3
actor54,actor27
actor54,actor15
actor31,actor19
actor31,actor10
actor6,actor6
actor13,actor56
actor13,actor16
actor13,actor19
actor13,actor10
actor13,actor57
actor13,actor69
actor13,actor20
actor13,actor33
actor13,actor72
actor13,actor73
actor46,actor56
actor46,actor16
actor46,actor19
actor46,actor10
actor46,actor57
actor46,actor59
actor46,actor25
actor46,actor73
actor46,actor77
actor46,actor14
actor18,actor56
actor18,actor19
actor18,actor10
actor18,actor57
actor18,actor73
actor4,actor56
actor4,actor28
actor4,actor13
actor4,actor44
actor4,actor9
actor25,actor52
actor25,actor50
actor25,actor58
actor25,actor14
actor25,actor22
actor50,actor50
actor50,actor45
actor50,actor58
actor5,actor9
actor44,actor56
actor44,actor19
actor44,actor10
actor44,actor57
actor44,actor31
actor44,actor13
actor44,actor4
actor44,actor5
actor44,actor73
actor45,actor45
actor45,actor49
actor45,actor58
actor45,actor14
actor12,actor28
actor12,actor26
actor7,actor78
actor7,actor68
actor7,actor23
actor7,actor6
actor7,actor72
actor7,actor21
actor7,actor73
actor7,actor41
actor7,actor60
actor7,actor3
actor7,actor27
actor21,actor14
actor26,actor31
actor9,actor56
actor9,actor19
actor9,actor10
actor9,actor57
actor9,actor13
actor9,actor4
actor9,actor50
actor9,actor5
actor9,actor44
actor9,actor73
actor9,actor14
actor1,actor46
actor1,actor25
actor1,actor44
actor1,actor9
actor1,actor77
actor1,actor14
actor30,actor19
actor30,actor18
actor30,actor9
actor30,actor77
actor37,actor56
actor37,actor16
actor37,actor10
actor37,actor68
actor37,actor24
actor37,actor72
actor37,actor73
actor37,actor74
actor37,actor75
actor37,actor14
actor41,actor78
actor41,actor68
actor41,actor67
actor41,actor40
actor41,actor23
actor41,actor7
actor41,actor74
actor41,actor75
actor41,actor60
actor41,actor3
actor41,actor27
actor41,actor15
actor3,actor56
actor3,actor66
actor3,actor60
actor29,actor19
actor29,actor23
actor29,actor6
actor29,actor7
actor29,actor41
actor29,actor60
actor29,actor3
actor29,actor27
actor29,actor14
actor27,actor68
actor27,actor67
actor27,actor40
actor27,actor70
actor27,actor23
actor27,actor7
actor27,actor41
actor27,actor60
actor27,actor3
actor27,actor15
actor15,actor78
actor15,actor60
actor15,actor27
actor15,actor15
actor49,actor58
actor58,actor78
actor58,actor10
actor58,actor52
actor58,actor68
actor58,actor79
actor58,actor25
actor58,actor50
actor58,actor73
actor58,actor77
actor58,actor1
actor58,actor14
actor58,actor22
actor58,actor62
actor36,actor19
actor36,actor25
actor36,actor77
actor36,actor1
actor36,actor3
actor36,actor14
actor43,actor25
actor43,actor50
actor14,actor10
actor14,actor66
actor22,actor78
actor22,actor47
actor22,actor25
actor22,actor50
actor22,actor49
actor22,actor58
actor22,actor14
